,Company,Asset.1,Asset.2,Asset.3,Asset.4,Structure,Access.1,Access.2,Access.3,Reward,Founded,Alpha.Impact,Alpha.Users,Alpha.Revenue1,23AndMe,New,Intangible,No economical value,Distributed,Service,PC First,No Free Use,General,Functional,2007,0.678504779,0.563842432,2,37signals,New,Intangible,No economical value,Distributed,Service,PC First,No Free Use,Specific,Functional,2000,0.277996883,,3,8Coupons,New,Tangible,Economical Value,Distributed,Service,PC First,Completely Free,General,Functional,2008,,,4,AirBNB (2008),Existing,Tangible,Economical Value,Distributed,Market,PC First,No Free Use,General,Functional,2009,2.523547464,1.030895266,1.768557165,Ancestry,Existing,Intangible,No economical value,Distributed,Platform,PC First,Partly Free,General,Symbolic,1984,0.342963906,0.247404134,0.262993926,Android,New,Intangible,No economical value,Centralized,Platform,Mobile First,No Free Use,General,Experiential,2004,1.142101087,,1.0938325717,Arduino,New,Tangible,Economical Value,Distributed,Platform,PC First,No Free Use,Specific,Experiential,2006,0.635013987,0.635013987,8,Athena Health,New,Intangible,No economical value,Centralized,Service,PC First,No Free Use,Specific,Functional,1998,0.306498168,0.23313267,0.2803551099,BlaBlaCar (2006),Existing,Tangible,Economical Value,Centralized,Market,PC First,Partly Free,General,Functional,2005,0.832845107,1.683495936,10,Carpooling.com,Existing,Tangible,Economical Value,Distributed,Market,PC First,Completely Free,General,Functional,2002,,,11,Causes.com,New,Intangible,No economical value,Centralized,Market,PC First,Completely Free,General,Symbolic,2008,,,12,Change.org,New,Intangible,No economical value,Distributed,Market,PC First,Completely Free,General,Symbolic,2008,,1.294004182,13,Couchsurfing,Existing,Tangible,No economical value,Centralized,Platform,PC First,Completely Free,General,Functional,2005,0.829179571,0.41314266,14,Crowdflower,Existing,Intangible,Economical Value,Distributed,Market,PC First,No Free Use,General,Functional,2008,1.100209984,0.854090972,15,Crowdgather,Existing,Intangible,No economical value,Distributed,Platform,PC First,Partly Free,Specific,Functional,2009,,0.541539152,1.01599919116,DeviantArt,Existing,Intangible,No economical value,Centralized,Platform,PC First,Completely Free,Specific,Symbolic,2001,0.29706163,0.270562601,17,Docstoc,Existing,Intangible,Economical Value,Centralized,Market,PC First,Partly Free,Specific,Functional,2008,0.346335272,0.847327396,18,Dropbox,Existing,Intangible,No economical value,Distributed,Service,PC First,Partly Free,General,Functional,2008,0.626381484,1.263454117,19,Ebay,Existing,Tangible,Economical Value,Centralized,Market,PC First,Partly Free,General,Functional,1996,0.078476695,,0.13087573820,Elance,Existing,Intangible,Economical Value,Distributed,Market,PC First,No Free Use,Specific,Functional,1999,0.893785475,0.538359112,0.29613308521,Etsy,Existing,Tangible,Economical Value,Distributed,Market,PC First,Partly Free,General,Functional,2006,0.438403361,0.684611144,0.57186256822,Evernote,New,Intangible,No economical value,Centralized,Platform,PC First,Partly Free,General,Functional,2009,1.490975905,0.984620128,0.82173967923,Facebook,New,Intangible,No economical value,Distributed,Platform,PC First,Completely Free,General,Symbolic,2005,0.426121223,1.147803821,0.74216854324,Foursquare,Existing,Intangible,No economical value,Distributed,Platform,Mobile First,Completely Free,General,Symbolic,2010,0.878885986,1.341004545,25,Global Giving,Existing,Tangible,Economical Value,Distributed,Market,PC First,No Free Use,General,Symbolic,2004,0.549314708,0.54506731,26,Guifinet,Existing,Tangible,Economical Value,Distributed,Platform,PC First,Completely Free,General,Functional,2005,0.271361064,,27,Hootesuite,Existing,Intangible,No economical value,Distributed,Service,PC First,No Free Use,Specific,Functional,2009,,,28,Huffington Post,Existing,Intangible,No economical value,Distributed,Market,PC First,Completely Free,General,Experiential,2006,0.86459026,,29,Instragram,Existing,Intangible,No economical value,Distributed,Platform,Mobile First,Completely Free,General,Symbolic,2011,,1.733449098,30,Khan Academy,New,Intangible,No economical value,Centralized,Platform,PC First,Completely Free,General,Experiential,2007,0.387280229,,31,Kickstarter,Existing,Tangible,Economical Value,Centralized,Market,PC First,No Free Use,Specific,Functional,2009,,,1.22410072932,Kiva,Existing,Tangible,Economical Value,Centralized,Market,PC First,Partly Free,Specific,Functional,2006,0.442739595,0.275467062,0.2192593333,Layar,New,Intangible,No economical value,Distributed,Service,Mobile First,Completely Free,General,Functional,2010,,,34,Lendingclub,Existing,Tangible,Economical Value,Distributed,Market,PC First,No Free Use,Specific,Functional,2007,0.918645266,,35,LinkedIN,New,Intangible,No economical value,Centralized,Platform,PC First,Partly Free,Specific,Symbolic,2003,0.42971133,,0.64956867936,Makerbot,New,Tangible,Economical Value,Distributed,Service,PC First,No Free Use,General,Functional,2010,,0.436734208,37,Meet Up,Existing,Intangible,No economical value,Distributed,Platform,PC First,Partly Free,General,Symbolic,2003,0.415559936,0.38440201,38,Netflix,Existing,Intangible,Economical Value,Distributed,Service,PC First,No Free Use,General,Experiential,1998,0.245920664,0.327451056,0.25968010439,Odesk,Existing,Intangible,Economical Value,Distributed,Market,PC First,Partly Free,Specific,Functional,2006,0.628165276,,0.6026851840,Outbrain,New,Intangible,No economical value,Centralized,Service,PC First,No Free Use,Specific,Functional,2007,,,41,Patientslikeme,New,Intangible,No economical value,Distributed,Platform,PC First,Completely Free,Specific,Symbolic,2005,,0.436489417,42,Pinterest,Existing,Intangible,No economical value,Distributed,Platform,PC First,Completely Free,General,Symbolic,2010,,,43,Plos,New,Intangible,No economical value,Distributed,Platform,PC First,Partly Free,Specific,Symbolic,2007,0.616700636,,0.42437040944,Quirky,New,Tangible,Economical Value,Distributed,Platform,PC First,Completely Free,General,Functional,2010,1.452360335,,45,Quora,New,Intangible,No economical value,Distributed,Platform,PC First,Completely Free,General,Symbolic,2010,,,46,Research Gate,New,Intangible,No economical value,Distributed,Platform,PC First,Partly Free,Specific,Symbolic,2009,2.088187087,0.761105483,47,Salesforce,New,Intangible,No economical value,Distributed,Service,PC First,No Free Use,Specific,Functional,2000,0.241377564,0.389307951,0.26591438648,Shapeways,Existing,Tangible,Economical Value,Distributed,Platform,PC First,Partly Free,General,Functional,2008,0.731322039,1.57518044,49,Shiply,Existing,Tangible,Economical Value,Centralized,Market,PC First,No Free Use,Specific,Functional,2009,0.624821234,0.766989533,50,Shutterfly,New,Tangible,No economical value,Distributed,Service,PC First,No Free Use,General,Functional,2000,0.198402901,0.235411638,0.28503790651,Skype,New,Intangible,No economical value,Distributed,,PC First,Partly Free,General,Functional,2006,0.208446902,0.356474904,0.32130047452,Sparkfun,Existing,Tangible,Economical Value,Centralized,Service,PC First,No Free Use,Specific,Functional,2004,,,0.3655868653,Spotify,Existing,Intangible,Economical Value,Centralized,Service,PC First,Partly Free,General,Experiential,2007,0.839632849,0.315743454,1.10452230554,Stack Overflow,New,Intangible,No economical value,Centralized,Platform,PC First,Completely Free,Specific,Symbolic,2009,0.513720417,,55,Survey Monkey,New,Intangible,No economical value,Distributed,Market,PC First,Partly Free,Specific,Functional,2000,0.30702598,0.445898768,56,Taskrabbit,Existing,Intangible,Economical Value,Distributed,Market,PC First,No Free Use,General,Functional,2009,,,57,TedX,Existing,Intangible,No economical value,Centralized,Platform,PC First,Partly Free,General,Symbolic,2010,,0.690775528,58,Twitter,New,Intangible,No economical value,Distributed,Platform,PC First,Completely Free,General,Symbolic,2007,1.219515049,0.569000646,59,Waze,Existing,Intangible,No economical value,Distributed,Platform,Mobile First,Completely Free,Specific,Functional,2008,,1.927703914,60,We Transfer,Existing,Intangible,No economical value,Centralized,Service,PC First,Completely Free,General,Functional,2010,,,61,Whatsapp,New,Intangible,No economical value,Distributed,,Mobile First,No Free Use,General,Functional,2010,,1.601273514,62,Wikipedia,Existing,Intangible,No economical value,Distributed,Platform,PC First,Completely Free,General,Functional,2002,0.19167347,0.123054455,0.44344002863,Yammer,New,Intangible,No economical value,Distributed,Platform,PC First,No Free Use,Specific,Symbolic,2009,1.349530529,0.911077518,1.38440980564,Yelp,Existing,Intangible,No economical value,Distributed,Market,PC First,Completely Free,General,Symbolic,2005,0.465678618,0.73045222,0.60267170265,Youtube,Existing,Intangible,No economical value,Distributed,Platform,PC First,Completely Free,General,Symbolic,2006,0.84763712,0.592508791,66,ZipCar,New,Tangible,Economical Value,Centralized,Service,PC First,No Free Use,General,Functional,2001,0.084193265,0.264052454,0.25461111967,8Coupon,NA,NA,NA,NA,NA,NA,NA,NA,NA,NA,1.581776246,,68,Baidu,NA,NA,NA,NA,NA,NA,NA,NA,NA,NA,0.220190586,,0.53289108169,Fon,NA,NA,NA,NA,NA,NA,NA,NA,NA,NA,0.735228306,0.560677454,70,RenRen,NA,NA,NA,NA,NA,NA,NA,NA,NA,NA,0.25603631,0.326729544,0.60222216771,Alpe d'Huzes,NA,NA,NA,NA,NA,NA,NA,NA,NA,NA,,1.004091902,0.57615932272,Causes,NA,NA,NA,NA,NA,NA,NA,NA,NA,NA,,0.617482723,73,Hoote Suite,NA,NA,NA,NA,NA,NA,NA,NA,NA,NA,,0.872013404,74,Alibaba Group,NA,NA,NA,NA,NA,NA,NA,NA,NA,NA,,,0.567849427